Workbook

Sheet 통합 체크리스트
A1: ☐ | B1: 임무단계 | C1: 단계명 | D1: 출처 | E1: ID | F1: 절차명(KO) | G1: 절차명(EN) | H1: 트리거 | I1: 한 줄 체크리스트 (DCS 조작) | J1: DCS 적용성 | K1: BOLDFACE | L1: 원문 p.
A2: ■ P0 임무계획 / DTC 준비 (Mission Planning / DTC) — 비행 전 임무계획 단계. DTC 데이터 준비, 무장·퓨즈 선정, TOS 계획.
A3: ☐ | B3: P0 | C3: 임무계획 / DTC 준비 | D3: Dash-1 | E3: R-03 | F3: 속도/고도, 연료 예비량, 기상, 급유 전달률 기준 | G3: Airspeeds, Altitudes, Fuel Reserve, Weather, Refueling Transfer Rate | H3: 임무계획(연료계획/급유 트랙 설정) 시; 급유 트랙 진입 시 속도·고도 기준 확인 | I3: 탱커 고도/속도 브리핑 → BNGO 30분 예비 설정 + HUD 표시 → 기상 최저치 확인 → 전달률 기반 접촉시간 계획 → CRUS TOS로 ARCT 관리 | J3: 부분적용 | L3: 8-1
A4: ☐ | B4: P0 | C4: 임무계획 / DTC 준비 | D4: Dash-1 | E4: R-22 | F4: 랑데부 고도블록 배정 | G4: Rendezvous Altitude Block | H4: 급유 트랙 고도 블록 계획 시; ARIP 이탈 후 랑데부 고도 진입 시 | I4: 탱커 트랙 고도 확인 → 전투기 랑데부 고도 = 탱커 -1000ft → 탱커 지시 고도 확인 → ALT HOLD로 유지 → 시각접촉 후 합류 | J4: 부분적용 | L4: 8-20
A5: ☐ | B5: P0 | C5: 임무계획 / DTC 준비 | D5: Dash-34 | E5: MP-01 | F5: 자동 초기화(DTE) 절차 | G5: Automated Initialization (DTE) Procedures | H5: 항전 전원(MMC/MFD/UFC) 인가 및 INS 정렬 시작 후, C&I 스위치를 UFC로 전환하기 전·후의 시동 후 셋업 시점 | I5: DTC 데이터 준비 확인 → MFD Main Menu → DTE → LOAD(전체) 또는 항목별 OSB → 강조 표시 확인 → DED에서 값 검증 | J5: 부분적용 | L5: 1-266
A6: ☐ | B6: P0 | C6: 임무계획 / DTC 준비 | D6: Dash-34 | E6: SUP-01 | F6: Section III 보충 자료 (퓨즈 무장시간·안전이탈거리 차트) | G6: Section III Supplementary Data (Fuze Arming Time / Safe Escape Charts) | H6: 임무계획 시 투하 고도/속도/강하각·퓨즈 설정 선정 시 | I6: 차트로 투하 파라미터 결정 → SMS CNTL AD/BA·HoF 입력 → 퓨즈/간격/펄스 → PUAC 준수 → 투하 후 이탈 기동 | J6: 부분적용 | L6: 3-1
A7: ■ P1 조종석 진입 전 · 외부점검 (Preflight Inspection) — 항공기 외부/무장 점검(walkaround). DCS에서는 미션에디터 로드아웃·SMS INV로 대체.
A8: ☐ | B8: P1 | C8: 조종석 진입 전 · 외부점검 | D8: Dash-1 | E8: N-37 | F8: 보충 절차 - 참조 항목(외부점검·위험구역·선회반경·G-Suit 호스경로·생소기지 절차) | G8: Supplemental Procedures - Reference Items (Exterior Inspection, Danger Areas, Turning Radius, G-Suit Hose Routing, Strange Field) | H8: 비행 전 외부점검 시 / 지상 이동·주기 계획 시(참조) | I8: F2 외부 시점 워크어라운드(형상·탑재·손상) → SMS/INV 탑재 확인 → (위험구역·G-Suit·생소기지 생략) | J8: 부분적용 | L8: 2-32~2-42
A9: ☐ | B9: P1 | C9: 조종석 진입 전 · 외부점검 | D9: Dash-1 | E9: W-07 | F9: 저온기상 운용 — 조종석 탑승 전 | G9: Cold Weather Operation - Before Entering Cockpit | H9: 저온·강수·결빙 기상에서 비행 전 외부점검 시(기온 7°C 이하 + 습기/강수/노점 근접) | I9: (미구현) 저온 외부점검 — 얼음/눈 제거는 DCS 미모델링 | J9: 미구현 | L9: 7-5
A10: ☐ | B10: P1 | C10: 조종석 진입 전 · 외부점검 | D10: Dash-1 | E10: W-15 | F10: 고온기상 및 사막 지상운용 | G10: Hot Weather and Desert Ground Operation | H10: 사막/고온다습 환경에서 비행 전 외부점검 또는 비행 후 주기 시 | I10: (미구현) 사막/고온 지상운용 — 캐노피 폐쇄만 가능 | J10: 미구현 | L10: 7-7
A11: ☐ | B11: P1 | C11: 조종석 진입 전 · 외부점검 | D11: Dash-34 | E11: PF-02 | F11: M61A1 기관포 점검 (실탄/공포) | G11: M61A1 Gun Inspection (Hot Gun / Cold Gun) | H11: 조종석 탑승 전 외부 점검(실기) / DCS: 미션 에디터 로드아웃 설정 시 및 시동 후 SMS INV 페이지 확인 시 | I11: (미구현) 미션 에디터 건 탄약 확인 → SMS INV 건 잔량 확인 → 필요 시 지상요원 재무장 | J11: 미구현 | L11: 1-534
A12: ☐ | B12: P1 | C12: 조종석 진입 전 · 외부점검 | D12: Dash-34 | E12: PF-03 | F12: 채프/플레어 디스펜서 점검 | G12: Chaff/Flare Dispenser Inspection | H12: 조종석 탑승 전 외부 점검(실기) / DCS: 미션 에디터 채프·플레어 수량 설정 시 및 CMDS 셋업 시 | I12: (미구현) 미션 에디터/지상요원 채프·플레어 수량 → CMDS CH/FL ON → 수량 표시 확인 | J12: 미구현 | L12: 1-536
A13: ☐ | B13: P1 | C13: 조종석 진입 전 · 외부점검 | D13: Dash-34 | E13: PF-04 | F13: 공대공 미사일 점검 (AIM-9 계열, AIM-120) | G13: Air-to-Air Missiles Inspection (AIM-9N/P/P-4/P-5, AIM-9L/M/S, AIM-120B) | H13: 조종석 탑승 전 외부 점검(실기) / DCS: 미션 에디터 로드아웃 설정 시 및 시동 후 SMS INV 확인 시 | I13: (미구현) 미션 에디터 A-A 로드아웃 → SMS INV 확인 → A-A SMS WARM/COOL 확인 | J13: 미구현 | L13: 1-537
A14: ☐ | B14: P1 | C14: 조종석 진입 전 · 외부점검 | D14: Dash-34 | E14: PF-05 | F14: 현수 장비 점검 (파일런, 랙, 런처) | G14: Suspension Equipment Inspection (Pylons, Racks, Launchers) | H14: 조종석 탑승 전 외부 점검(실기) / DCS: 미션 에디터 로드아웃 설정 시 | I14: (미구현) 미션 에디터 스테이션 랙/런처 확인 → SMS INV 약어 확인 | J14: 미구현 | L14: 1-542
A15: ☐ | B15: P1 | C15: 조종석 진입 전 · 외부점검 | D15: Dash-34 | E15: PF-06 | F15: 기타 스토어 점검 (연료탱크, ECM 포드, NVP, 타게팅 포드) | G15: Miscellaneous Stores Inspection (Fuel Tanks, ECM Pods, NVP, Targeting Pod) | H15: 조종석 탑승 전 외부 점검(실기) / DCS: 미션 에디터 로드아웃 설정 시 및 시동 후 TGP/ECM 전원 인가 시 | I15: (미구현) 로드아웃 확인 → 외부탱크 연료량(EXT 선택) → ECM 패널 → TGP 전원/비디오 확인 | J15: 미구현 | L15: 1-550
A16: ☐ | B16: P1 | C16: 조종석 진입 전 · 외부점검 | D16: Dash-34 | E16: PF-07 | F16: 폭탄류 점검 (일반목적탄, 유도폭탄, 클러스터, 관통탄) | G16: Bombs Inspection (General Purpose, Guided, Cluster, Penetrator) | H16: 조종석 탑승 전 외부 점검(실기) / DCS: 미션 에디터 로드아웃 설정 시 및 시동 후 SMS 확인 시 | I16: (미구현) 미션 에디터 폭탄 로드아웃 → SMS INV 확인 → A-G SMS 퓨즈/프로파일 확인 | J16: 미구현 | L16: 1-553
A17: ☐ | B17: P1 | C17: 조종석 진입 전 · 외부점검 | D17: Dash-34 | E17: PF-08 | F17: 신관 점검 (노즈/테일 기계식·전자식 신관) | G17: Fuzes Inspection (Nose/Tail Mechanical and Electronic Fuzes) | H17: 조종석 탑승 전 외부 점검(실기) / DCS: 미션 에디터 무장 옵션 설정 시 및 A-G SMS 프로파일 설정 시 | I17: (미구현) 미션 에디터 신관 옵션 → SMS CNTL AD/BA·HoF/RPM 확인 | J17: 미구현 | L17: 1-562
A18: ☐ | B18: P1 | C18: 조종석 진입 전 · 외부점검 | D18: Dash-34 | E18: PF-09 | F18: 암밍 와이어/랜야드 점검 | G18: Arming Wires/Lanyards Inspection | H18: 조종석 탑승 전 외부 점검(실기) / DCS: A-G SMS 퓨즈 옵션 설정 시 | I18: (미구현) SMS 퓨즈 옵션으로 고/저항력 선택 → 로드아웃 확인 | J18: 미구현 | L18: 1-579
A19: ☐ | B19: P1 | C19: 조종석 진입 전 · 외부점검 | D19: Dash-34 | E19: PF-10 | F19: 로켓 및 공대지 미사일 점검 (AGM-88, AGM-65) | G19: Rockets and Air-to-Ground Missiles Inspection (AGM-88, AGM-65) | H19: 조종석 탑승 전 외부 점검(실기) / DCS: 미션 에디터 로드아웃 설정 시 및 시동 후 SMS INV 확인 시 | I19: (미구현) 미션 에디터 로켓/HARM/MAV 로드아웃 → SMS INV 확인 → (비행 중) MAV PWR·WPN 비디오 확인 | J19: 미구현 | L19: 1-640
... A21: ☐ | B21: P1 | C21: 조종석 진입 전 · 외부점검 | D21: Dash-34 | E21: PF-01 | F21: 내부 점검 (조종석 탑승 전) | G21: Interior Inspection (Prior to Entering Cockpit) | H21: 조종석 탑승 직전(AGTS 견인 표적 세트 장착 임무 시) | I21: (미구현) AGTS 제어반 점검 — DCS 해당 없음 | J21: 미구현 | L21: 1-650
A22: ■ P2 전원 인가 · 시동 전 (Before Engine Start) — 배터리/MAIN PWR, 시동 전 점검.
A23: ☐ | B23: P2 | C23: 전원 인가 · 시동 전 | D23: Dash-1 | E23: N-01 | F23: 조종석 진입 | G23: Cockpit Access | H23: 외부점검 완료 후 조종석 진입 시(DCS: 콜드&다크 램프 스타트 미션 슬롯 진입 시) | I23: 캐노피 OPEN(스파이더 가드 개방 → Canopy 스위치 UP / LCTRL+C) → 착석 상태 확인 | J23: 부분적용 | L23: 2-2
A24: ☐ | B24: P2 | C24: 전원 인가 · 시동 전 | D24: Dash-1 | E24: N-02 | F24: 조종석 진입 전 점검 | G24: Before Entering Cockpit | H24: 조종석 진입 직후, 착석·하네스 체결 전 | I24: 사출레버 SAFE(UP) → MAIN PWR OFF → 오디오 SQL/볼륨 CCW → ALT GEAR IN → ALT FLAPS NORM → GND JETT OFF → HOOK UP → 실내조명 OFF → OXY OFF/100% | J24: 부분적용 | L24: 2-2
A25: ☐ | B25: P2 | C25: 전원 인가 · 시동 전 | D25: Dash-1 | E25: N-03 | F25: 조종석 내부 점검 - 좌측 콘솔 | G25: Cockpit Interior Check - Left Console | H25: 착석·하네스 체결·러더 페달 조절 후, MAIN PWR 인가 전 | I25: PROBE HEAT OFF → FLCS PWR TEST NORM → DBU OFF → ALT FLAPS NORM → LEF AUTO → BIT OFF → TRIM NORM/트림 0 → FUEL MASTER/ENG FEED NORM/AR CLOSE → IFF STBY/C&I BACKUP → EPU NORM/MAIN PWR OFF → AVTR·ECM OFF → COMM1/2 ON·SQL → ENG CONT PRI/JFS OFF → 스로틀 OFF → SPD BRK FWD/DOGFIGHT Center | J25: 부분적용 | L25: 2-3~2-4
A26: ☐ | B26: P2 | C26: 전원 인가 · 시동 전 | D26: Dash-1 | E26: N-04 | F26: 조종석 내부 점검 - 좌측 보조 콘솔 | G26: Cockpit Interior Check - Left Auxiliary Console | H26: 좌측 콘솔 점검(N-03) 완료 직후 | I26: ALT GEAR IN → CMDS 전원 OFF/MODE OFF → RF NORM → LASER ARM OFF → HUD 패널 설정·고도계 QNH → FUEL QTY NORM/EXT TRANS NORM → STORES CONFIG CAT I/III → LDG/TAXI LT OFF → LG DN → GND JETT OFF → BRAKES CHAN 1/PARKING BRAKE → HOOK UP → EHSI 모드 | J26: 부분적용 | L26: 2-4~2-5
A27: ☐ | B27: P2 | C27: 전원 인가 · 시동 전 | D27: Dash-1 | E27: N-05 | F27: 조종석 내부 점검 - 계기판 | G27: Cockpit Interior Check - Instrument Panel | H27: 좌측 보조 콘솔 점검(N-04) 완료 직후 | I27: A/P ROLL ATT HOLD(중앙) → A/P PITCH A/P OFF → MASTER ARM OFF | J27: 적용 | L27: 2-5
A28: ☐ | B28: P2 | C28: 전원 인가 · 시동 전 | D28: Dash-1 | E28: N-06 | F28: 조종석 내부 점검 - 우측 보조 콘솔 | G28: Cockpit Interior Check - Right Auxiliary Console | H28: 계기판 점검(N-05) 완료 직후 | I28: 시계 시각 확인(자동) → (D형 항목 생략) | J28: 부분적용 | L28: 2-5
A29: ☐ | B29: P2 | C29: 전원 인가 · 시동 전 | D29: Dash-1 | E29: N-07 | F29: 조종석 내부 점검 - 우측 콘솔 | G29: Cockpit Interior Check - Right Console | H29: 우측 보조 콘솔 점검(N-06) 완료 직후 | I29: SNSR PWR 4개 OFF → HUD 패널 → ZEROIZE OFF → 실내조명 → VMS ON → TEMP AUTO/AIR SOURCE NORM → AVIONICS PWR 8개 OFF → ANTI ICE AUTO → IFF/UHF ANT NORM → 산소 ON/NORM/압력·유량 확인 | J29: 부분적용 | L29: 2-5~2-6
A30: ☐ | B30: P2 | C30: 전원 인가 · 시동 전 | D30: Dash-1 | E30: N-08 | F30: 조종석 점검 완료 후 확인 | G30: After Cockpit Check Is Complete - Verify | H30: 조종석 내부 점검(N-03~N-07) 완료 후, MAIN PWR BATT 인가 직전 | I30: FUEL MASTER → ENG FEED NORM → EPU NORM → ENG CONT PRI → 스로틀 OFF → LG DN → HOOK UP → MASTER ARM OFF → AIR SOURCE NORM | J30: 적용 | L30: 2-6~2-7
A31: ☐ | B31: P2 | C31: 전원 인가 · 시동 전 | D31: Dash-1 | E31: N-09 | F31: 엔진 시동 전 절차 | G31: Before Starting Engine | H31: 조종석 점검 완료 후, JFS 시동 직전 | I31: MAIN PWR BATT → FLCS RLY 점등 → FLCS PWR TEST 홀드(PWR 4개·TO FLCS·PMG) → 해제 → MAIN PWR → EPU GEN/PMG 소등 → UHF 백업 교신 → 파킹브레이크 UP | J31: 부분적용 | L31: 2-7~2-8
A32: ☐ | B32: P2 | C32: 전원 인가 · 시동 전 | D32: Dash-1 | E32: W-08 | F32: 저온기상 운용 — 엔진 시동 전 | G32: Cold Weather Operation - Before Starting Engine | H32: 외기온 7°C(45°F) 이하이고 가시 습기(안개/비/눈)가 있는 조건에서 엔진 시동 준비 시 | I32: MAIN PWR → 캐노피 DOWN & CANOPY 등 소등 → (습기+7°C 이하) ANTI ICE ON → JFS 시동 | J32: 부분적용 | L32: 7-5
A33: ☐ | B33: P2 | C33: 전원 인가 · 시동 전 | D33: Dash-34 | E33: MP-20 | F33: 설계 시점(Design Eye)에 대한 좌석 조정 절차 | G33: Seat Adjustment for Design Eye Procedures | H33: 조종석 진입 후 스트랩인 및 항공기 전원(배터리/외부전원) 인가 직후, HUD 켜진 상태 | I33: HUD TEST ON → Seat Adjust 상하 조정(HUD 전체 가시) → HUD TEST OFF | J33: 부분적용 | L33: 1-311
A34: ■ P3 엔진 시동 · 항전 전원 (Engine Start / Avionics Power) — JFS 시동, 발전기, 항전 전원 인가.
A35: ☐ | B35: P3 | C35: 엔진 시동 · 항전 전원 | D35: Dash-1 | E35: N-10 | F35: 엔진 시동 - PW-229 | G35: Starting Engine PW-229 | H35: MAIN PWR 인가 및 시동 전 점검 완료 후 | I35: 해당 없음 — N-11(GE-129) 사용 | J35: 미구현 | L35: 2-8~2-9
A36: ☐ | B36: P3 | C36: 엔진 시동 · 항전 전원 | D36: Dash-1 | E36: N-11 | F36: 엔진 시동 - GE-129 | G36: Starting Engine GE-129 | H36: MAIN PWR 인가·EPU 등 소등 확인 후, 파킹브레이크 설정 상태 | I36: ENG FEED/AIR SOURCE NORM·스로틀 OFF → JFS START2 → JFS RUN 점등 → 20~25% RPM 스로틀 IDLE → SEC 소등(20%) → ENGINE 소등(60%) → JFS OFF(55%) → HYD/OIL 소등 → FF 700–1700/OIL 15+/NOZ 94+/RPM 62–80/FTIT ≤650/HYD 2850–3250 | J36: 적용 | L36: 2-9~2-11
A37: ☐ | B37: P3 | C37: 엔진 시동 · 항전 전원 | D37: Dash-1 | E37: N-29 | F37: 신속대응태세(Quick Response) 항공기 절차 | G37: Aircraft On Quick Response Status | H37: 스크램블 명령 수신, 사전 준비(N-28) 완료된 기체 탑승 시 | I37: BATT·FLCS RLY → MAIN PWR → JFS START2·IDLE → 캐노피 DOWN → 계기 → SNSR PWR → AVIONICS PWR → INS STOR HDG → FLCS BIT → MFD/SMS/HUD·C&I UFC → INS NAV → EPU GEN/PMG 소등 | J37: 부분적용 | L37: 2-30~2-31
A38: ☐ | B38: P3 | C38: 엔진 시동 · 항전 전원 | D38: Dash-1 | E38: W-09 | F38: 저온기상 운용 — 엔진 시동 | G38: Cold Weather Operation - Starting Engine | H38: 기체가 -29°C(-20°F)/-40°C 이하에서 1시간 이상 콜드소크된 상태에서 시동 시도 시 | I38: (미구현) 콜드소크 JFS 시동 제한 — DCS는 온도 무관 정상 시동 | J38: 미구현 | L38: 7-5
A39: ■ P4 INS 정렬 · 항법 초기화 (INS Alignment / Nav Init) — INS NORM/STOR HDG 정렬, DTE 로드, 시스템 시간, 항법 초기값.
A40: ☐ | B40: P4 | C40: INS 정렬 · 항법 초기화 | D40: Dash-34 | E40: MP-03 | F40: RLG INU 정렬 절차(그림 1-194) — 일반 자이로컴퍼스 정렬 | G40: RLG INU Alignment Procedures (Figure 1-194) - Normal Gyrocompass Alignment | H40: 엔진 시동 및 MMC/UFC 전원 인가 직후(정렬 시작 후 2분 이내 좌표 입력 필요) | I40: INS ALIGN NORM → DED INS 페이지 LAT ENTR/LNG ENTR(2분 내) → 상태 10 RDY 점멸 대기(약 8분) → INS NAV → 이륙 전 NAV 재확인 | J40: 적용 | L40: 1-276 ~ 1-277
A41: ☐ | B41: P4 | C41: INS 정렬 · 항법 초기화 | D41: Dash-34 | E41: MP-05 | F41: 강화 중단 정렬(EIA) 절차 | G41: Enhanced Interrupted Alignment (EIA) Procedures | H41: GPS 미보조 임무에서 8분 일반 정렬 완료(상태 10, RDY 점멸) 후 이륙 전 시간 여유가 있을 때 | I41: (미구현) 일반 정렬 10 RDY → INS NAV 로 대체 | J41: 미구현 | L41: 1-279
A42: ☐ | B42: P4 | C42: INS 정렬 · 항법 초기화 | D42: Dash-34 | E42: MP-06 | F42: 저장 방위(Stored Heading) 정렬 절차(그림 1-196) | G42: Stored Heading Alignment Procedures (Figure 1-196) | H42: 긴급 출격/신속 이륙 요구 시, 미션 에디터에서 사전 정렬(Stored Heading 가능) 설정된 기체에서 항전 전원 인가 직후 | I42: INS ALIGN STOR HDG → 좌표 확인만(입력 금지) → 90초 후 10 RDY → INS NAV(NORM 경유 금지) | J42: 부분적용 | L42: 1-281 ~ 1-282
A43: ☐ | B43: P4 | C43: INS 정렬 · 항법 초기화 | D43: Dash-34 | E43: MP-08 | F43: NAV STATUS 및 NAV COMMAND 절차 | G43: NAV STATUS and NAV COMMAND Procedures | H43: INS 정렬 중 또는 정렬 후 GPS 키/필터 상태를 확인할 때; 격납고에서 나온 뒤 GPS 추적 실패 시 RESET | I43: LIST→NAV 상태 확인 → (필요 시) LIST→MISC→GPS 상태 확인 → ZEROIZE는 비상 시 물리 스위치만 | J43: 부분적용 | L43: 1-289
A44: ■ P5 시동 후 점검 · 무장/센서 셋업 · BIT (After Start / SMS·Sensor Setup / BIT) — SMS 인벤토리·로드 파라미터, 센서 전원·BIT, 데이터링크/IFF, 경고 설정.
A45: ☐ | B45: P5 | C45: 시동 후 점검 · 무장/센서 셋업 · BIT | D45: Dash-1 | E45: N-12 | F45: 엔진 시동 후 절차 | G45: After Engine Start | H45: 엔진 IDLE 안정(약 30초 이상) 직후 | I45: PROBE HEAT/FIRE/MAL&IND 시험 → AVIONICS PWR(MMC·ST STA·MFD·UFC·GPS) ON → INS ALIGN NORM+좌표 ENTR → SNSR PWR(FCR ON, RDR ALT STBY) → HUD ON → C&I UFC → SEC 점검 → 조종면 순환 → FLCS BIT → SPD BRK 순환 → 3 GREEN → SAI 언케이지 → FUEL QTY TEST→NORM → EPU 연료 95~102% → DTE LOAD/BNGO/ALOW → DBU·트림·MPO 점검 → AR OPEN/RDY→CLOSE → 브레이크 CHAN 2→1 → ANTI ICE 점검 → EPU GEN/PMG 소등 → EPU OFF→NORM → OBOGS BIT | J45: 부분적용 | L45: 2-11~2-17
A46: ☐ | B46: P5 | C46: 시동 후 점검 · 무장/센서 셋업 · BIT | D46: Dash-1 | E46: W-10 | F46: 저온기상 운용 — 엔진 시동 후 | G46: Cold Weather Operation - After Engine Start | H46: 저온 환경에서 엔진 시동 완료 직후, FLCS BIT 수행 전 | I46: TEMP 노브 MAN WARM → FCR OFF, DEFOG 필요 시 → TEMP AUTO 복귀 → 캐노피 폐쇄 확인 → PROBE HEAT ON 2분 후 FLCS BIT → EPU 연료량 확인 | J46: 부분적용 | L46: 7-5
A47: ☐ | B47: P5 | C47: 시동 후 점검 · 무장/센서 셋업 · BIT | D47: Dash-34 | E47: SD-03 | F47: SMS MDDE(메뉴 구동형 데이터 입력) 페이지 접근 절차 | G47: Accessing the SMS MDDE | H47: SMS INV 페이지 표시 무장이 실제 탑재와 다를 때(실기); DCS에서는 발생하지 않음 | I47: (미구현) SMS INV 확인만 → 불일치 시 지상 재무장 | J47: 미구현 | L47: 1-90
A48: ☐ | B48: P5 | C48: 시동 후 점검 · 무장/센서 셋업 · BIT | D48: Dash-34 | E48: SD-06 | F48: AIFF 트랜스폰더(응답기) 운용 | G48: AIFF Transponder Operation | H48: 시동 후 CNI 셋업 시 / 관제사 스쿼크 코드 지정 시 / Fence-In·Out 시 IFF 모드 변경 시점 | I48: C&I UFC → IFF Master NORM → ICP IFF → DED IFF 페이지(POS/TIME 이벤트, Mode 4 ON, 피드백 옵션) 확인 → RTN CNI 페이지에서 상태 확인 | J48: 부분적용 | L48: 1-187
A49: ☐ | B49: P5 | C49: 시동 후 점검 · 무장/센서 셋업 · BIT | D49: Dash-34 | E49: SD-10 | F49: 조종석 비디오 시스템(CTVS/AVTR) 운용 | G49: Cockpit Video System Operation | H49: 항전 전원 인가 후 셋업 시; 디브리핑용 HUD/MFD 녹화가 필요한 임무 | I49: AVTR Video Sel HUD/HMD → Video Recorder RECORD → (교전 전 확인) → 착륙 후 UNTHREAD | J49: 부분적용 | L49: 1-215
A50: ☐ | B50: P5 | C50: 시동 후 점검 · 무장/센서 셋업 · BIT | D50: Dash-34 | E50: MP-02 | F50: 개량형 데이터 모뎀(IDM)/데이터링크(DLNK) 초기화 | G50: Initialization of Improved Data Modem (IDM)/Data Link (DLNK) | H50: INS 정렬 완료(RDY/ALIGN) 후, 이륙 전 항전 셋업 중 데이터링크 전원 인가 시점 | I50: GPS ON → TIME 페이지 GPS SYSTEM 확인 → MIDS LVT ON → LIST→ENTR(DLNK) → GPS TIME ON/SYNC FINE → P2 채널·P3 STN 확인 → HSD XMT TNDL | J50: 부분적용 | L50: 1-267 ~ 1-271
A51: ☐ | B51: P5 | C51: 시동 후 점검 · 무장/센서 셋업 · BIT | D51: Dash-34 | E51: MP-07 | F51: INS IBIT(개시식 내장시험) 절차 | G51: INS IBIT Procedures | H51: INS ALIGN NORM 선택 후 2분 이내, 정비 확인 목적으로 INS 자체시험이 필요할 때 | I51: (미구현) 일반 정렬만 수행; TEST 페이지 INS BIT 불가 | J51: 미구현 | L51: 1-283
A52: ☐ | B52: P5 | C52: 시동 후 점검 · 무장/센서 셋업 · BIT | D52: Dash-34 | E52: MP-09 | F52: MFL(정비결함목록) 삭제/재호출 절차 | G52: MFL Clearing/Recall Procedures | H52: 항전 전원 인가 및 초기 BIT 완료 후, 택시 전 최종 셋업 시점 | I52: (미구현) TEST/CLR 불가 → PFLD 결함은 F-ACK로 확인 | J52: 미구현 | L52: 1-290
A53: ☐ | B53: P5 | C53: 시동 후 점검 · 무장/센서 셋업 · BIT | D53: Dash-34 | E53: MP-10 | F53: SMS 인벤토리 및 무장 탑재 절차(그림 1-203) | G53: SMS Inventory and Loading Procedures (Figure 1-203) | H53: ST STA 전원 ON 및 DTC 로드 후 택시 전, 또는 지상 재무장 후 | I53: MFD SMS → INV 페이지 → 스테이션별 무장/수량·탄약 확인(브리핑 로드아웃과 대조) → 불일치 시 지상 재무장 | J53: 부분적용 | L53: 1-301
A54: ☐ | B54: P5 | C54: 시동 후 점검 · 무장/센서 셋업 · BIT | D54: Dash-34 | E54: MP-11 | F54: SMS 탑재 파라미터 절차(그림 1-204) | G54: SMS Load Parameters Procedures (Figure 1-204) | H54: SMS 인벤토리 확인 후 A-G 무장(특히 CBU 계열)을 탑재한 경우, 택시 전 또는 표적 진입 전 | I54: A-G → 우 MFD SMS/좌 MFD FCR → 무장 선택 → CNTL → BA 입력(OSB 키패드) → ENTR → CNTL 복귀 | J54: 부분적용 | L54: 1-302
A55: ☐ | B55: P5 | C55: 시동 후 점검 · 무장/센서 셋업 · BIT | D55: Dash-34 | E55: MP-12 | F55: 시스템 시각 설정 절차(그림 1-205) | G55: System Time Procedures (Figure 1-205) | H55: UFC 전원 인가 후 CNI 페이지 표시 시, 편대 타임 핵 또는 TOS 사용 전 | I55: CNI 시각 확인 → TIME(6) → (GPS SYSTEM 확인, 필요 시 수동 입력+ENTR) → RTN → CNI 시각 재확인 | J55: 부분적용 | L55: 1-303
A56: ☐ | B56: P5 | C56: 시동 후 점검 · 무장/센서 셋업 · BIT | D56: Dash-34 | E56: MP-19 | F56: 특수 무장 투하 데이터 절차 | G56: Special Weapon Delivery Data Procedures | H56: SMS 셋업 완료 후 기관포 교전 예정 기종이나 AGM-65 운용이 계획된 경우 | I56: LIST→MAN WSPAN 입력 ENTR → (MBAL/DRNG/비콘 미구현) → SMS AG65 → CNTL → AUTO POWER ON/방향/STPT → ENTR → CNTL 복귀 | J56: 부분적용 | L56: 1-308 ~ 1-310
... A64: ☐ | B64: P5 | C64: 시동 후 점검 · 무장/센서 셋업 · BIT | D64: Dash-34 | E64: AG-15 | F64: 타겟팅 포드(TGP) 자체시험(BIT) 절차 | G64: Targeting Pod Built-In Test (BIT) Procedures | H64: TGP 전원 인가·냉각 완료 후, 또는 TGP 이상 징후 발생 시 | I64: 해당 없음(미구현) — 대안: TGP 비디오 정상 확인 + OVRD STBY | J64: 미구현 | L64: 1-453
A65: ■ P6 택시 · 이륙 전 점검 (Taxi / Before Takeoff) — 택시, 런업, 이륙 전 최종 확인.
A66: ☐ | B66: P6 | C66: 택시 · 이륙 전 점검 | D66: Dash-1 | E66: N-13 | F66: 지상활주 전 절차 | G66: Before Taxi | H66: INS 정렬 완료(DED 10 RDY 점멸·HUD ALIGN 점멸) 및 시동 후 점검 완료 시 | I66: 캐노피 DOWN/잠금·CANOPY 등 소등 → COM1 프리셋/주파수 → (DL·IFF 셋업) → 고도계 QNH·ELECT/PNEU/HUD 비교 → 외부등 → INS NAV | J66: 부분적용 | L66: 2-17~2-18
A67: ☐ | B67: P6 | C67: 택시 · 이륙 전 점검 | D67: Dash-1 | E67: N-14 | F67: 지상활주 | G67: Taxi | H67: 파킹브레이크 해제·NWS 결합 후 유도로 이동 시작 시 | I67: 파킹브레이크 해제·TAXI LT·NWS → 브레이크/NWS 점검 → 헤딩·계기 → EXT 탱크 급유 확인 → FUEL QTY NORM → STORES CONFIG → OXY PBG → EPU/GEN TEST(IDLE+10%) → PROBE HEAT ON → 사출레버 ARM → 조종면 순환 → OIL PSI → ALOW 확인 → 경고등 전 소등 | J67: 부분적용 | L67: 2-18~2-19
A68: ☐ | B68: P6 | C68: 택시 · 이륙 전 점검 | D68: Dash-1 | E68: N-15 | F68: 이륙 전 절차 | G68: Before Takeoff | H68: 활주로 대기지점(hold short) 도착 시 / 이륙 허가 직전 | I68: ALT FLAPS NORM → TF FLYUP ENABLE → 트림 0(롤 필요값) → ENG CONT PRI/SEC 소등 → SPD BRK CLOSED → 캐노피 잠금 → IFF NORM/코드 확인 → (TAXI LT OFF·POS STEADY·PROBE HEAT·RDR ALT ON) | J68: 적용 | L68: 2-18
A69: ☐ | B69: P6 | C69: 택시 · 이륙 전 점검 | D69: Dash-1 | E69: W-11 | F69: 저온기상 운용 — 이륙 | G69: Cold Weather Operation - Takeoff | H69: 빙점 부근 이하 지상 노출 후 이륙 라인업 시; -29°C 이하 콜드소크 후 이륙 시 | I69: 라인업 시 PROBE HEAT ON(2분 전) → 정상 이륙 → 양의 상승률 후 LG UP → 기어등 소등 확인(300kt 전) → 실패 시 최대 2회 사이클 | J69: 부분적용 | L69: 7-6
A70: ☐ | B70: P6 | C70: 택시 · 이륙 전 점검 | D70: Dash-1 | E70: W-12 | F70: 저온기상 운용 — 지상활주 | G70: Cold Weather Operation - Taxi | H70: 얼음·다져진 눈·슬러시 위 활주 시 또는 -29°C 이하 콜드소크 후 택시 개시 시 | I70: 물/슬러시/눈 회피 → ANTI-SKID → NWS ON → NWS+차동 브레이크 병행 → 안전속도(선회 10kt, 직진 25kt 이하) → 통제불능 시 엔진 OFF | J70: 부분적용 | L70: 7-6
A71: ☐ | B71: P6 | C71: 택시 · 이륙 전 점검 | D71: Dash-1 | E71: R-11 | F71: 버디 출발 — 지상활주 | G71: Buddy Departure - Taxi | H71: 탱커와 동일 기지에서 버디 출발 예정으로 엔진 시동 완료 후 택시 준비 시 | I71: 시동 후 COM1 탱커 주파수 체크인 → 탱커 활주 확인 → 택시 절차 → 300ft 간격 유지 | J71: 부분적용 | L71: 8-17
A72: ☐ | B72: P6 | C72: 택시 · 이륙 전 점검 | D72: Dash-1 | E72: R-12 | F72: 버디 출발 — 활주로 정렬 | G72: Buddy Departure - Line-Up | H72: 버디 출발을 위해 탱커와 함께 활주로에 진입할 때 | I72: 탱커 다운윈드 측 정렬 → 수급기 업윈드 측, 날개끝 간격 → 이륙 전 점검 → (좁은 활주로) 탱커 롤 후 진입 | J72: 부분적용 | L72: 8-17
A73: ☐ | B73: P6 | C73: 택시 · 이륙 전 점검 | D73: Dash-34 | E73: IF-08 | F73: 이륙 전 FLIR 튜닝 절차 | G73: FLIR Tuning Prior to Takeoff Procedures | H73: 야간/저시정 임무에서 NVP FLIR 사용 예정 시 이륙 전 | I73: 미구현 — NVP FLIR 없음 | J73: 미구현 | L73: 1-353
A74: ☐ | B74: P6 | C74: 택시 · 이륙 전 점검 | D74: Dash-34 | E74: IF-09 | F74: 이륙 전 FLIR 보어사이트 절차 | G74: FLIR Boresight Prior to Takeoff Procedures | H74: FLIR 튜닝 완료 후 이륙 전, HUD-FLIR 정렬 오차 의심 시 | I74: 미구현 — NVP FLIR 보어사이트 없음 | J74: 미구현 | L74: 1-354
A75: ☐ | B75: P6 | C75: 택시 · 이륙 전 점검 | D75: Dash-34 | E75: IF-10 | F75: 이륙 전 TFR(지형추적레이더) 절차 | G75: TFR Prior to Takeoff Procedures | H75: TF 운용 예정 임무에서 택시/이륙 전 | I75: 미구현 — TFR 없음 (ALOW·RDR ALT 설정만 별도 수행) | J75: 미구현 | L75: 1-355
A76: ☐ | B76: P6 | C76: 택시 · 이륙 전 점검 | D76: Dash-34 | E76: IF-19 | F76: 스쿼트 픽스(지상 오버플라이) 업데이트 절차 | G76: Squat Fix (Ground Overfly) Update Procedures | H76: INS 정렬 완료 후 GPS 정확도가 HIGH가 아닌 상태에서 정확히 측량된 지상 지점(주기장 스팟, EOR) 위에 정지해 있을 때 | I76: 측량 지점 STPT 선택 → FIX(8) OFLY → 정지 상태에서 TMS UP → ENTR | J76: 부분적용 | L76: 1-373
A77: ☐ | B77: P6 | C77: 택시 · 이륙 전 점검 | D77: Dash-34 | E77: IF-20 | F77: 제로 벨로시티(ZVEL) 업데이트 절차 | G77: Zero Velocity Update Procedures | H77: 정렬 완료 후 지상 정지 중(EOR 무장점검 대기 등) GPS 정확도가 HIGH가 아닐 때 | I77: 미구현 — ZVEL 없음 | J77: 미구현 | L77: 1-374
A78: ■ P7 이륙 · 상승 (Takeoff / Climb) — 이륙, 기어 업, 상승 중 확인.
A79: ☐ | B79: P7 | C79: 이륙 · 상승 | D79: Dash-1 | E79: N-16 | F79: 정상 이륙 | G79: Normal Takeoff | H79: 활주로 정렬(line up) 및 이륙 허가 수신 시 | I79: 브레이크 홀드·90% RPM → 엔진계기 확인 → 브레이크 해제 → MIL/AB → 70kts NWS 해제 → 이륙속도-10/15kts 로테이션 8~12° → 양의 상승률 → LG UP(300kts 전) | J79: 적용 | L79: 2-20~2-21
A80: ☐ | B80: P7 | C80: 이륙 · 상승 | D80: Dash-1 | E80: N-17 | F80: 비대칭 스토어 이륙 | G80: Takeoff With Asymmetric Stores | H80: 좌우 비대칭 탑재(편측 무장 잔류·편측 탱크 등) 상태로 이륙할 때 | I80: 비대칭 탑재 확인 → 롤트림 사전 설정(무거운 날개 반대) → 정상 이륙(+2G 한계) → 이륙 후 러더로 요잉 수정 | J80: 부분적용 | L80: 2-22
A81: ☐ | B81: P7 | C81: 이륙 · 상승 | D81: Dash-1 | E81: N-18 | F81: 상승 | G81: Climb | H81: 이륙 후 기어 UP·플랩 수납 완료, 상승 개시 시 | I81: MIL/AB → 계획 속도로 상승 → 전환 마하 유지 → 목표고도 레벨오프(수동 스로틀) | J81: 부분적용 | L81: 2-22
A82: ☐ | B82: P7 | C82: 이륙 · 상승 | D82: Dash-1 | E82: R-13 | F82: 버디 출발 — 이륙 및 이륙 중 중단 | G82: Buddy Departure - Takeoff and Aborts During Takeoff | H82: 탱커 이륙활주 개시 시(45초 카운트); 이륙 중단 발생 시 | I82: 탱커 롤 후 45초 → 런업/점검 → MIL/AB 이륙 → 기어 UP → 중단 시 IDLE/스피드브레이크/제동/HOOK + 통보 → 주파수 유지 → 후류 회피 | J82: 부분적용 | L82: 8-17
A83: ☐ | B83: P7 | C83: 이륙 · 상승 | D83: Dash-1 | E83: R-14 | F83: 엘리먼트 조인업 및 상승 | G83: Element Join-Up and Climb | H83: 버디 이륙 후 상승 중 탱커 조인업 시; 급유 편대 내 위치교대 지시 시 | I83: HUD CAS → 300(+10n) KCAS 상승 → 탱커 TACAN T/R + EHSI TCN, FCR 락 → 선회 외측/좌측 날개 조인 → 위치교대: 직진수평 → 우측 오프셋 후방 → 이격 후 상승/하강 | J83: 부분적용 | L83: 8-17
A84: ☐ | B84: P7 | C84: 이륙 · 상승 | D84: Dash-34 | E84: IF-11 | F84: TFR 비행 중 점검 절차 | G84: TFR Inflight Check Procedures | H84: TF 임무에서 이륙 후 초기 상승 중 | I84: 미구현 — TFR 비행 중 점검 없음 | J84: 미구현 | L84: 1-355
A85: ■ P8 순항 · 항법 · 연료관리 (Cruise / Navigation / Fuel Management) — 스티어포인트 항법, TOS, 연료(BINGO/JOKER), FIX/ACAL 항법 보정, 마크포인트.
A86: ☐ | B86: P8 | C86: 순항 · 항법 · 연료관리 | D86: Dash-1 | E86: N-19 | F86: 상승/비행중/운용 점검 | G86: Climb/In-Flight/Operational Checks | H86: 상승 중 및 이후 약 15~20분 간격(또는 임무 구간 전환 시) | I86: 연료 수량/균형/EXT 전달 → FUEL QTY NORM → 산소 유량/압력 → 캐빈고도/CABIN PRESS → 엔진계기·HYD → ADI/HUD/SAI 일치 → ANTI ICE → TGP STBY | J86: 부분적용 | L86: 2-22~2-23
A87: ☐ | B87: P8 | C87: 순항 · 항법 · 연료관리 | D87: Dash-1 | E87: W-02 | F87: 홀딩(대기비행) | G87: Holding | H87: ATC/편대장의 홀딩 지시, 접근 순서 대기, 기상 개선 대기 시 | I87: 홀딩 픽스(STPT/TACAN) 설정 → CRUS EDR 캐럿으로 200~250kt(최대체공) → 클린 형상 → ALT HOLD + HDG SEL로 레이스트랙 → 레그 타이밍 | J87: 적용 | L87: 7-2
A88: ☐ | B88: P8 | C88: 순항 · 항법 · 연료관리 | D88: Dash-1 | E88: W-06 | F88: 난기류 및 뇌우 | G88: Turbulence and Thunderstorms | H88: 뇌우/난기류 구름 회피 불가 판단 시 또는 심한 난기류 진입 시 | I88: PROBE HEAT ON → FLOOD CONSOLES 최대 → ANTI ICE ON → 300kt 또는 CRUS RNG 최적속도 중 낮은 값 → 스로틀 고정 → 셀 회피(육안) | J88: 부분적용 | L88: 7-2
A89: ☐ | B89: P8 | C89: 순항 · 항법 · 연료관리 | D89: Dash-1 | E89: W-13 | F89: 저온기상 운용 — 비행 중 | G89: Cold Weather Operation - In Flight | H89: 결빙 조건(구름 속 비행 + 외기온 0°C 부근 이하) 예상 또는 진입 시 | I89: 결빙 구역 회피 → 불가 시 ANTI ICE ON + PROBE HEAT → 앞전 점검 → 스로틀 완만 조작 → 필요 시 CRUS HOME/대체장 STPT 입력 | J89: 부분적용 | L89: 7-6
A90: ☐ | B90: P8 | C90: 순항 · 항법 · 연료관리 | D90: Dash-1 | E90: W-17 | F90: 화산재 운용 — 비행 중 운용 | G90: Volcanic Ash Operation - InFlight Operations | H90: 화산재 관통 징후(자극적 냄새, 캐노피 불투명, 엔진 서지, 속도 지시 변동, FTIT 상승, 세인트 엘모의 불) 감지 시 | I90: (미구현) 화산재 관통 — 추력 최소 → 즉시 이탈 → ANTI ICE OFF → 조기 착륙 | J90: 미구현 | L90: 7-8
A91: ☐ | B91: P8 | C91: 순항 · 항법 · 연료관리 | D91: Dash-1 | E91: R-15 | F91: 엘리먼트 순항 편대 | G91: Element Cruise Formation | H91: 탱커 편대 합류 후 장거리 순항 시; 편대원 급유 순서 대기 시 | I91: 루트/스프레드 편대 유지 → 급유 대기 시 관측 위치 → 야간/IMC 트레일 1~3NM, -1000ft(TACAN DME + ALT HOLD) | J91: 부분적용 | L91: 8-18
A92: ☐ | B92: P8 | C92: 순항 · 항법 · 연료관리 | D92: Dash-34 | E92: MP-13 | F92: 조종점 통과시각(TOS) 절차(그림 1-206) | G92: Time Over Steerpoint (TOS) Procedures (Figure 1-206) | H92: 이륙 후 항법 구간 진입 시 또는 브리핑된 TOT/푸시 시각이 있는 스티어포인트로 향할 때 | I92: NAV 모드 → CNI → CRUS(5) TOS → M-SEL → STPT 선택/DES TOS 입력 ENTR → HUD Velocity GND SPD → 캐럿 추종 | J92: 적용 | L92: 1-304
A93: ☐ | B93: P8 | C93: 순항 · 항법 · 연료관리 | D93: Dash-34 | E93: MP-17 | F93: 핵타임 모드선택 절차 | G93: Hack Time Mode Selection Procedures | H93: TOS 값이 절대 시각이 아닌 편대 타임 핵 기준 상대 시각으로 브리핑된 경우 | I93: CNI → TIME(6) → HACK 라벨 '*' → M-SEL → HACK 하이라이트 확인 → RTN (대안: DELTA TOS 입력) | J93: 부분적용 | L93: 1-306
A94: ☐ | B94: P8 | C94: 순항 · 항법 · 연료관리 | D94: Dash-34 | E94: IF-02 | F94: 조종점 통과시각(TOS) 절차 | G94: Time Over Steerpoint (TOS) Procedures | H94: 브리핑된 TOT/랑데부 시각을 지켜야 하는 항법 구간 진입 시(푸시 타임, IP 도착 시각 등) | I94: CNI → CRUS(5) TOS → M-SEL(0) → STPT 선택 → DES TOS 입력 ENTR → HUD GND SPD → 속도 캐럿 추종 | J94: 적용 | L94: 1-325
A95: ☐ | B95: P8 | C95: 순항 · 항법 · 연료관리 | D95: Dash-34 | E95: IF-03 | F95: 최대 항속거리(RNG) 절차 | G95: Maximum Range Procedures | H95: 장거리 순항 구간 진입 또는 연료 여유가 부족한 상태에서 RTB/전환 비행 시작 시 | I95: CNI → CRUS(5) → SEQ로 RNG → M-SEL(0) → HUD 속도 캐럿 추종 | J95: 적용 | L95: 1-326
A96: ☐ | B96: P8 | C96: 순항 · 항법 · 연료관리 | D96: Dash-34 | E96: IF-04 | F96: 최대 체공시간(EDR) 절차 | G96: Maximum Endurance Procedures | H96: 홀딩·CAP 오빗 진입, 탱커 대기, 착륙 지연 등 특정 위치에서 체공이 필요할 때 | I96: CNI → CRUS(5) → SEQ로 EDR → M-SEL(0) → 최적 마하/Time-to-Bingo 확인 → 속도 캐럿 추종 | J96: 적용 | L96: 1-328
A97: ☐ | B97: P8 | C97: 순항 · 항법 · 연료관리 | D97: Dash-34 | E97: IF-12 | F97: 비행 중 FLIR 보어사이트 절차 | G97: FLIR Boresight Inflight Procedures | H97: 비행 중 HUD-FLIR 영상 정렬 오차 발견 시(편대 우군기 활용 가능 시) | I97: 미구현 — NVP FLIR 보어사이트 없음 | J97: 미구현 | L97: 1-357
... A108: ☐ | B108: P8 | C108: 순항 · 항법 · 연료관리 | D108: Dash-34 | E108: AG-24 | F108: 공중사격 예인표적(AGTS) 예인(Tow) 절차 | G108: Aerial Gunnery Target Set (AGTS) Tow Procedures | H108: AGTS 전개 완료 후 사격 진행 중 | I108: 해당 없음(미구현) — AGTS 예인/채점 | J108: 미구현 | L108: 1-469
A109: ■ P9 공중급유 (Air-to-Air Refueling) — AAR 접근·접촉·이탈.
A110: ☐ | B110: P9 | C110: 공중급유 | D110: Dash-1 | E110: R-01 | F110: 공중급유 개요 및 탱커-수급기 편대 통제 | G110: General / Control of Tanker-Receiver Forces | H110: 미션에 공중급유가 계획되어 ARCP/탱커 트랙으로 향할 때; 랑데부 전 시정·무선 상태 판단 시 | I110: 탱커 기종/TACAN/UHF 확인 → 시정 판단 → COM1 탱커 주파수 → F-메뉴 Intent to refuel 응답 확인 → 지시 고도/속도로 랑데부 | J110: 부분적용 | L110: 8-1
A111: ☐ | B111: P9 | C111: 공중급유 | D111: Dash-1 | E111: R-02 | F111: 윙맨 수급기 책임사항 | G111: Wingman Receiver Responsibilities | H111: 편대장을 따라 탱커 랑데부/급유 편대에 진입할 때 | I111: 편대장 육안 유지 → HSD Zoom/PPLI로 전자 접촉 → 관측 위치 유지 → 탱커 선회 예측 → 불안전 시 즉시 통보 | J111: 부분적용 | L111: 8-1
A112: ☐ | B112: P9 | C112: 공중급유 | D112: Dash-1 | E112: R-04 | F112: 통신 — 음성통신 및 필수 호출 | G112: Communications - Oral Communications and Mandatory Calls | H112: ARCT 15분 전; 랑데부 고도 도달 시; 프리컨택 위치(붐 후하방 약 20ft) 도달 시 | I112: COM1 탱커 주파수 → 송신 AFT(UHF) → F-메뉴 Intent to refuel(15분 전 호출) → 고도 도달 → 프리컨택 위치에서 Pre-contact → Cleared 응답 | J112: 부분적용 | L112: 8-2
A113: ☐ | B113: P9 | C113: 공중급유 | D113: Dash-1 | E113: R-05 | F113: 통신 — 시각신호(무선침묵 급유) | G113: Communications - Visual Signals | H113: EMCON/무선침묵 급유 지시 시; 접촉 중 PDI(유도등) 지시 확인 시 | I113: 브리핑 확정 → Yellow Stripe 정렬 → PDI 지시형 해석(steady=큰 수정, flash=작은 수정) → 브레이크어웨이 시 A/R DISC, IDLE, 후하방 이탈 | J113: 부분적용 | L113: 8-6
A114: ☐ | B114: P9 | C114: 공중급유 | D114: Dash-1 | E114: R-06 | F114: 무장 탑재(Hot Armament) 급유절차 | G114: Hot Armament Procedures | H114: 전방발사 무장(미사일/기관포) 탑재 상태로 탱커 랑데부 전(ARIP 이전) | I114: 랑데부 전 MASTER ARM OFF → LASER ARM OFF → SMS 확인 → (RF SILENT) → 탱커 후방 스위치 조작 금지 → 이탈 후 재무장 | J114: 부분적용 | L114: 8-6
A115: ☐ | B115: P9 | C115: 공중급유 | D115: Dash-1 | E115: R-07 | F115: 외부등화 조작 | G115: Lighting | H115: 야간/저시정 급유 접근 시 또는 붐 오퍼레이터의 등화 조정 요청 시 | I115: 접근 전 Anti-Coll OFF, Position STEADY/DIM, Formation 적정 → A/R Light 노브 조정 → 야간은 TACAN/FCR + 탱커 등화로 식별 → 외측 수급기만 Anti-Coll ON | J115: 부분적용 | L115: 8-6
A116: ☐ | B116: P9 | C116: 공중급유 | D116: Dash-1 | E116: R-08 | F116: 항법·위치 보고 및 급유 후 보고 | G116: Navigation and Position Reporting / Post Air Refueling Report | H116: 랑데부 완료(탱커 편대 진입) 시; 급유 완료(DISC) 후 이탈 시 | I116: 탱커 편대 중 HSD로 위치 병행 감시 → DISC/S키 해제 → 후방 이탈, AIR REFUEL CLOSE(RDY 소등) → 블록 하단 -1000ft → 앞지를 땐 1NM 측방 오프셋 후 상승 → ALT HOLD+STRG SEL | J116: 부분적용 | L116: 8-11
A117: ☐ | B117: P9 | C117: 공중급유 | D117: Dash-1 | E117: R-09 | F117: 붐 엔벨로프(포섭범위) 제한 | G117: Boom Envelope Limits | H117: 붐 접촉(AR/NWS 등 점등) 후 급유 중 위치 유지 시 | I117: 트림 완료 → 탱커 기준 편대, 러더 금지 → 붐 캐노피 상방 2~3ft, Yellow Stripe → 접촉 후 PDI 따라 한 축씩 수정 → 한계 급접근 금지 → DISC 시 후퇴 후 재접촉 | J117: 부분적용 | L117: 8-12
A118: ☐ | B118: P9 | C118: 공중급유 | D118: Dash-1 | E118: R-10 | F118: 편대장(Cell Leader) 책임 | G118: Cell Leader Responsibility | H118: 급유 편대 브리핑 시; 편대장 이탈/비상으로 리드 이양 필요 시 | I118: (미구현) 편대장 책임/리드 이양 — 멀티플레이 음성 조율만 가능 | J118: 미구현 | L118: 8-17
...

Sheet 단계별 집계
A1: 코드 | B1: 단계명 | C1: Dash-1 절차 수 | D1: Dash-34 절차 수 | E1: 합계 | F1: 적용 | G1: 부분적용 | H1: 미구현
A2: P0 | B2: 임무계획 / DTC 준비 | C2: =COUNTIFS('통합 체크리스트'!B:B,"P0",'통합 체크리스트'!D:D,"Dash-1") -> 2 | D2: =COUNTIFS('통합 체크리스트'!B:B,"P0",'통합 체크리스트'!D:D,"Dash-34") -> 2 | E2: =C2+D2 -> 4 | F2: =COUNTIFS('통합 체크리스트'!B:B,"P0",'통합 체크리스트'!J:J,"적용") -> 0 | G2: =COUNTIFS('통합 체크리스트'!B:B,"P0",'통합 체크리스트'!J:J,"부분적용") -> 4 | H2: =COUNTIFS('통합 체크리스트'!B:B,"P0",'통합 체크리스트'!J:J,"미구현") -> 0
A3: P1 | B3: 조종석 진입 전 · 외부점검 | C3: =COUNTIFS('통합 체크리스트'!B:B,"P1",'통합 체크리스트'!D:D,"Dash-1") -> 3 | D3: =COUNTIFS('통합 체크리스트'!B:B,"P1",'통합 체크리스트'!D:D,"Dash-34") -> 11 | E3: =C3+D3 -> 14 | F3: =COUNTIFS('통합 체크리스트'!B:B,"P1",'통합 체크리스트'!J:J,"적용") -> 0 | G3: =COUNTIFS('통합 체크리스트'!B:B,"P1",'통합 체크리스트'!J:J,"부분적용") -> 1 | H3: =COUNTIFS('통합 체크리스트'!B:B,"P1",'통합 체크리스트'!J:J,"미구현") -> 13
A4: P2 | B4: 전원 인가 · 시동 전 | C4: =COUNTIFS('통합 체크리스트'!B:B,"P2",'통합 체크리스트'!D:D,"Dash-1") -> 10 | D4: =COUNTIFS('통합 체크리스트'!B:B,"P2",'통합 체크리스트'!D:D,"Dash-34") -> 1 | E4: =C4+D4 -> 11 | F4: =COUNTIFS('통합 체크리스트'!B:B,"P2",'통합 체크리스트'!J:J,"적용") -> 2 | G4: =COUNTIFS('통합 체크리스트'!B:B,"P2",'통합 체크리스트'!J:J,"부분적용") -> 9 | H4: =COUNTIFS('통합 체크리스트'!B:B,"P2",'통합 체크리스트'!J:J,"미구현") -> 0
A5: P3 | B5: 엔진 시동 · 항전 전원 | C5: =COUNTIFS('통합 체크리스트'!B:B,"P3",'통합 체크리스트'!D:D,"Dash-1") -> 4 | D5: =COUNTIFS('통합 체크리스트'!B:B,"P3",'통합 체크리스트'!D:D,"Dash-34") -> 0 | E5: =C5+D5 -> 4 | F5: =COUNTIFS('통합 체크리스트'!B:B,"P3",'통합 체크리스트'!J:J,"적용") -> 1 | G5: =COUNTIFS('통합 체크리스트'!B:B,"P3",'통합 체크리스트'!J:J,"부분적용") -> 1 | H5: =COUNTIFS('통합 체크리스트'!B:B,"P3",'통합 체크리스트'!J:J,"미구현") -> 2
A6: P4 | B6: INS 정렬 · 항법 초기화 | C6: =COUNTIFS('통합 체크리스트'!B:B,"P4",'통합 체크리스트'!D:D,"Dash-1") -> 0 | D6: =COUNTIFS('통합 체크리스트'!B:B,"P4",'통합 체크리스트'!D:D,"Dash-34") -> 4 | E6: =C6+D6 -> 4 | F6: =COUNTIFS('통합 체크리스트'!B:B,"P4",'통합 체크리스트'!J:J,"적용") -> 1 | G6: =COUNTIFS('통합 체크리스트'!B:B,"P4",'통합 체크리스트'!J:J,"부분적용") -> 2 | H6: =COUNTIFS('통합 체크리스트'!B:B,"P4",'통합 체크리스트'!J:J,"미구현") -> 1
A7: P5 | B7: 시동 후 점검 · 무장/센서 셋업 · BIT | C7: =COUNTIFS('통합 체크리스트'!B:B,"P5",'통합 체크리스트'!D:D,"Dash-1") -> 2 | D7: =COUNTIFS('통합 체크리스트'!B:B,"P5",'통합 체크리스트'!D:D,"Dash-34") -> 18 | E7: =C7+D7 -> 20 | F7: =COUNTIFS('통합 체크리스트'!B:B,"P5",'통합 체크리스트'!J:J,"적용") -> 5 | G7: =COUNTIFS('통합 체크리스트'!B:B,"P5",'통합 체크리스트'!J:J,"부분적용") -> 9 | H7: =COUNTIFS('통합 체크리스트'!B:B,"P5",'통합 체크리스트'!J:J,"미구현") -> 6
A8: P6 | B8: 택시 · 이륙 전 점검 | C8: =COUNTIFS('통합 체크리스트'!B:B,"P6",'통합 체크리스트'!D:D,"Dash-1") -> 7 | D8: =COUNTIFS('통합 체크리스트'!B:B,"P6",'통합 체크리스트'!D:D,"Dash-34") -> 5 | E8: =C8+D8 -> 12 | F8: =COUNTIFS('통합 체크리스트'!B:B,"P6",'통합 체크리스트'!J:J,"적용") -> 1 | G8: =COUNTIFS('통합 체크리스트'!B:B,"P6",'통합 체크리스트'!J:J,"부분적용") -> 7 | H8: =COUNTIFS('통합 체크리스트'!B:B,"P6",'통합 체크리스트'!J:J,"미구현") -> 4
A9: P7 | B9: 이륙 · 상승 | C9: =COUNTIFS('통합 체크리스트'!B:B,"P7",'통합 체크리스트'!D:D,"Dash-1") -> 5 | D9: =COUNTIFS('통합 체크리스트'!B:B,"P7",'통합 체크리스트'!D:D,"Dash-34") -> 1 | E9: =C9+D9 -> 6 | F9: =COUNTIFS('통합 체크리스트'!B:B,"P7",'통합 체크리스트'!J:J,"적용") -> 1 | G9: =COUNTIFS('통합 체크리스트'!B:B,"P7",'통합 체크리스트'!J:J,"부분적용") -> 4 | H9: =COUNTIFS('통합 체크리스트'!B:B,"P7",'통합 체크리스트'!J:J,"미구현") -> 1
A10: P8 | B10: 순항 · 항법 · 연료관리 | C10: =COUNTIFS('통합 체크리스트'!B:B,"P8",'통합 체크리스트'!D:D,"Dash-1") -> 6 | D10: =COUNTIFS('통합 체크리스트'!B:B,"P8",'통합 체크리스트'!D:D,"Dash-34") -> 17 | E10: =C10+D10 -> 23 | F10: =COUNTIFS('통합 체크리스트'!B:B,"P8",'통합 체크리스트'!J:J,"적용") -> 13 | G10: =COUNTIFS('통합 체크리스트'!B:B,"P8",'통합 체크리스트'!J:J,"부분적용") -> 5 | H10: =COUNTIFS('통합 체크리스트'!B:B,"P8",'통합 체크리스트'!J:J,"미구현") -> 5
A11: P9 | B11: 공중급유 | C11: =COUNTIFS('통합 체크리스트'!B:B,"P9",'통합 체크리스트'!D:D,"Dash-1") -> 57 | D11: =COUNTIFS('통합 체크리스트'!B:B,"P9",'통합 체크리스트'!D:D,"Dash-34") -> 0 | E11: =C11+D11 -> 57 | F11: =COUNTIFS('통합 체크리스트'!B:B,"P9",'통합 체크리스트'!J:J,"적용") -> 10 | G11: =COUNTIFS('통합 체크리스트'!B:B,"P9",'통합 체크리스트'!J:J,"부분적용") -> 37 | H11: =COUNTIFS('통합 체크리스트'!B:B,"P9",'통합 체크리스트'!J:J,"미구현") -> 10
A12: P10 | B12: 전투진입 준비 (Fence-In) | C12: =COUNTIFS('통합 체크리스트'!B:B,"P10",'통합 체크리스트'!D:D,"Dash-1") -> 0 | D12: =COUNTIFS('통합 체크리스트'!B:B,"P10",'통합 체크리스트'!D:D,"Dash-34") -> 5 | E12: =C12+D12 -> 5 | F12: =COUNTIFS('통합 체크리스트'!B:B,"P10",'통합 체크리스트'!J:J,"적용") -> 1 | G12: =COUNTIFS('통합 체크리스트'!B:B,"P10",'통합 체크리스트'!J:J,"부분적용") -> 2 | H12: =COUNTIFS('통합 체크리스트'!B:B,"P10",'통합 체크리스트'!J:J,"미구현") -> 2
A13: P11 | B13: 공대공 교전 | C13: =COUNTIFS('통합 체크리스트'!B:B,"P11",'통합 체크리스트'!D:D,"Dash-1") -> 0 | D13: =COUNTIFS('통합 체크리스트'!B:B,"P11",'통합 체크리스트'!D:D,"Dash-34") -> 6 | E13: =C13+D13 -> 6 | F13: =COUNTIFS('통합 체크리스트'!B:B,"P11",'통합 체크리스트'!J:J,"적용") -> 3 | G13: =COUNTIFS('통합 체크리스트'!B:B,"P11",'통합 체크리스트'!J:J,"부분적용") -> 2 | H13: =COUNTIFS('통합 체크리스트'!B:B,"P11",'통합 체크리스트'!J:J,"미구현") -> 1
A14: P12 | B14: 공대지 공격 | C14: =COUNTIFS('통합 체크리스트'!B:B,"P12",'통합 체크리스트'!D:D,"Dash-1") -> 0 | D14: =COUNTIFS('통합 체크리스트'!B:B,"P12",'통합 체크리스트'!D:D,"Dash-34") -> 16 | E14: =C14+D14 -> 16 | F14: =COUNTIFS('통합 체크리스트'!B:B,"P12",'통합 체크리스트'!J:J,"적용") -> 11 | G14: =COUNTIFS('통합 체크리스트'!B:B,"P12",'통합 체크리스트'!J:J,"부분적용") -> 2 | H14: =COUNTIFS('통합 체크리스트'!B:B,"P12",'통합 체크리스트'!J:J,"미구현") -> 3
A15: P13 | B15: 방어 · 회피 | C15: =COUNTIFS('통합 체크리스트'!B:B,"P13",'통합 체크리스트'!D:D,"Dash-1") -> 0 | D15: =COUNTIFS('통합 체크리스트'!B:B,"P13",'통합 체크리스트'!D:D,"Dash-34") -> 2 | E15: =C15+D15 -> 2 | F15: =COUNTIFS('통합 체크리스트'!B:B,"P13",'통합 체크리스트'!J:J,"적용") -> 2 | G15: =COUNTIFS('통합 체크리스트'!B:B,"P13",'통합 체크리스트'!J:J,"부분적용") -> 0 | H15: =COUNTIFS('통합 체크리스트'!B:B,"P13",'통합 체크리스트'!J:J,"미구현") -> 0
A16: P14 | B16: 이탈 · 복귀 (Fence-Out / RTB) | C16: =COUNTIFS('통합 체크리스트'!B:B,"P14",'통합 체크리스트'!D:D,"Dash-1") -> 0 | D16: =COUNTIFS('통합 체크리스트'!B:B,"P14",'통합 체크리스트'!D:D,"Dash-34") -> 4 | E16: =C16+D16 -> 4 | F16: =COUNTIFS('통합 체크리스트'!B:B,"P14",'통합 체크리스트'!J:J,"적용") -> 3 | G16: =COUNTIFS('통합 체크리스트'!B:B,"P14",'통합 체크리스트'!J:J,"부분적용") -> 0 | H16: =COUNTIFS('통합 체크리스트'!B:B,"P14",'통합 체크리스트'!J:J,"미구현") -> 1
A17: P15 | B17: 접근 · 착륙 | C17: =COUNTIFS('통합 체크리스트'!B:B,"P15",'통합 체크리스트'!D:D,"Dash-1") -> 11 | D17: =COUNTIFS('통합 체크리스트'!B:B,"P15",'통합 체크리스트'!D:D,"Dash-34") -> 0 | E17: =C17+D17 -> 11 | F17: =COUNTIFS('통합 체크리스트'!B:B,"P15",'통합 체크리스트'!J:J,"적용") -> 6 | G17: =COUNTIFS('통합 체크리스트'!B:B,"P15",'통합 체크리스트'!J:J,"부분적용") -> 5 | H17: =COUNTIFS('통합 체크리스트'!B:B,"P15",'통합 체크리스트'!J:J,"미구현") -> 0
A18: P16 | B18: 착륙 후 · 엔진 정지 | C18: =COUNTIFS('통합 체크리스트'!B:B,"P16",'통합 체크리스트'!D:D,"Dash-1") -> 4 | D18: =COUNTIFS('통합 체크리스트'!B:B,"P16",'통합 체크리스트'!D:D,"Dash-34") -> 2 | E18: =C18+D18 -> 6 | F18: =COUNTIFS('통합 체크리스트'!B:B,"P16",'통합 체크리스트'!J:J,"적용") -> 1 | G18: =COUNTIFS('통합 체크리스트'!B:B,"P16",'통합 체크리스트'!J:J,"부분적용") -> 4 | H18: =COUNTIFS('통합 체크리스트'!B:B,"P16",'통합 체크리스트'!J:J,"미구현") -> 1
A19: PX | B19: 비정상 · 비상 (발생 시) | C19: =COUNTIFS('통합 체크리스트'!B:B,"PX",'통합 체크리스트'!D:D,"Dash-1") -> 129 | D19: =COUNTIFS('통합 체크리스트'!B:B,"PX",'통합 체크리스트'!D:D,"Dash-34") -> 25 | E19: =C19+D19 -> 154 | F19: =COUNTIFS('통합 체크리스트'!B:B,"PX",'통합 체크리스트'!J:J,"적용") -> 21 | G19: =COUNTIFS('통합 체크리스트'!B:B,"PX",'통합 체크리스트'!J:J,"부분적용") -> 97 | H19: =COUNTIFS('통합 체크리스트'!B:B,"PX",'통합 체크리스트'!J:J,"미구현") -> 36
A20: PA | B20: 상시 · 필요 시 | C20: =COUNTIFS('통합 체크리스트'!B:B,"PA",'통합 체크리스트'!D:D,"Dash-1") -> 8 | D20: =COUNTIFS('통합 체크리스트'!B:B,"PA",'통합 체크리스트'!D:D,"Dash-34") -> 9 | E20: =C20+D20 -> 17 | F20: =COUNTIFS('통합 체크리스트'!B:B,"PA",'통합 체크리스트'!J:J,"적용") -> 3 | G20: =COUNTIFS('통합 체크리스트'!B:B,"PA",'통합 체크리스트'!J:J,"부분적용") -> 7 | H20: =COUNTIFS('통합 체크리스트'!B:B,"PA",'통합 체크리스트'!J:J,"미구현") -> 7
B21: 합계 | C21: =SUM(C2:C20) -> 248 | D21: =SUM(D2:D20) -> 128 | E21: =SUM(E2:E20) -> 376 | F21: =SUM(F2:F20) -> 85 | G21: =SUM(G2:G20) -> 198 | H21: =SUM(H2:H20) -> 93
A23: 설명
A24: Dash-1(비행 매뉴얼 T.O. GR1F-16CJ-1)과 Dash-34(항전·무장 T.O. GR1F-16CJ-34-1-1)의 절차를 같은 임무단계 코드로 합친 체크리스트. 각 절차의 상세(원문 단계, DCS 조작 절차, Chuck's Guide 참조)는 각 정리본 파일의 '절차 마스터' 시트를 ID로 찾아보세요. BOLDFACE ●는 비상 암기 항목 포함 절차.
